<?xml version="1.0" encoding="UTF-8"?>

<!--
    Document   : optionOutrightCrossReport.xml
    Created on : 22 May 2008, 14:38
    Author     : rmcconnell
    Description:
        Purpose of the document follows.
        
    Deal Type identification:
      This has a CFI code of FFCPN0 therefore it is an outright.
      The sub type is OOT
      There is no LnkId therefore this is not a child deal.
      There is FinDetls->StartDt, there for this is an Option
    
      This is an Option Outright.
    
    Attributes:
      ExecTyp=0: means new report
      TrdID: This is the external reference number as far as siena is concerened (allocated by the bank if this is deal import for referencing the deal).
             If this is for deal export, then this will be a siena contract number
      TrdID2: This is a siena reference number (deal export only). It remains constant for the lifetime of the deal (constant through deal edits)
      OrigTrdId: If this deal is imported by siena and re-exported, this will contain the original trade id specified by the bank. From siena's point of view this is for maintaining an external reference id
              For eTrader deals thsi will contain the eTrader generated external reference.
      TrdDt: TrdDt: trade start date
      SettlDt: This is the settlement date
      Ccy: This is the dealt currency
      LastQty: This is the quantity of the dealt currency
      LastPx: This is the price at which the currency is being bought or sold
      LastSpotRate: This is the spot rate which plus points makes up LastPx
      
-->

<TrdCaptRpt  xmlns:xsi='http://www.w3.org/2001/XMLSchema-instance'
   xmlns='http://www.fixprotocol.org/FIXML-5-0-SP1'
   xsi:schemaLocation='http://www.fixprotocol.org/FIXML-5-0-SP1 fixml-tradecapture-base-5-0-SP1.xsd'
   ExecTyp="0"
   TrdID="ABC1234" OrigTrdID="XYZ1234" TrdID2="SIENA-REF1234"
   TrdDt="2008-06-19" SettlDt="2008-07-23"
   Ccy="GBP" LastSpotRt="205.48" LastQty="5000000" LastPx="204.7559">
<!--
  Snt: The time this report was sent
-->
<Hdr Snt="2008-06-19T10:32:00"/>
<!--
  Sym: The currency pair involved in the exchange
  CFI=FFCPN0: Indicates that this is an outright.
  SubTyp: OOT means Option Outright
-->
<Instrmt Sym="GBP/JPY" CFI="FFCPN0" SubTyp="OOT"/>
<!--
  Presence of the following element indicates Option Date. This is therefore an
  Option Outright
-->
<FinDetls StartDt="2008-06-30"/>
<!--

  Must be at least two underlying. If only two then a pair for the traded currency pair:
  
    GBP/USD Spot
    GBP/USD Forward
    
  If more than two then must be a cross. Then must be three pairs:
  
    GBP/JPY Spot cross
    GBP/JPY Forward cross
    GBP/USD Spot
    GBP/USD Forward
    USD/JPY Spot
    USD/JPY Forward

  FxRate: The all in price
  Px: margin. Derived if this is cross
  Mat: Date of rate
-->
<!--
  First all the spot details. More than one SP indicates cross.
  Desc: SP meaning spot
-->
<Undly Desc="SP" Sym="GBP/JPY" FxRate="205.48" CFI="RCSXXX" Px="0.001" Mat="2008-06-23"/>
<Undly Desc="SP" Sym="GBP/USD" FxRate="1.7254" CFI="RCSXXX" Px="0.001" Mat="2008-06-23"/>
<Undly Desc="SP" Sym="USD/JPY" FxRate="119.0912" CFI="RCSXXX" Px="0.001" Mat="2008-06-23"/>
<!--
  Now the Forward info.
-->
<Undly Desc="Leg1" Sym="GBP/JPY" FxRate="204.7559" CFI="FFCPN0" Px="0.001" Mat="2008-07-23"/>
<Undly Desc="Leg1" Sym="GBP/USD" FxRate="1.725813" CFI="FFCPN0" Px="0.001" Mat="2008-07-23"/>
<Undly Desc="Leg1" Sym="USD/JPY" FxRate="118.6431" CFI="FFCPN0" Px="0.001" Mat="2008-07-23"/>
<!--
  Acct: This will be mapped to a counterparty in siena
  Side=1: Means the banks is buying (customer is selling). 2 means selling
-->
<RptSide Side="1">
  <!-- The customer mapped to a siena counterparty -->
  <Pty ID="ABCLON" R="13"/>
  <!--
    The mandated user
  -->
  <Pty ID="traderA" R="11"/>
  <!-- Pay From / Pay to  settlement instruction -->
  <SettlDetails>
    <!-- the banks Debit instruction, customer credit instruction for USD -->
    <Pty ID="abc1"/>
  </SettlDetails>
  <!-- Take From / Take At settlement instruction -->
  <SettlDetails>
    <!-- Customer debit instruction, the banks credit instruction for GBP -->
    <Pty ID="abc2"/>
    </SettlDetails>
</RptSide>
</TrdCaptRpt>
