<?xml version="1.0" encoding="UTF-8"?>

<!--
    Document   : subSpotReport.xml
    Created on : 22 May 2008, 14:38
    Author     : rmcconnell
    Description:
        Purpose of the document follows.
    Deal Type identification:
      This has a SubTyp of SUBSP therefore this is a sub spot
    
    Attributes:
      ExecTyp=0: means new report
      TrdDt: TrdDt: trade start date
      LinkId: The parent deal (TrdID)
      TrdID: This is the external reference number as far as siena is concerened (allocated by the bank if this is deal import for referencing the deal).
             If this is for deal export, then this will be a siena contract number
      TrdID2: This is a siena reference number (deal export only). It remains constant for the lifetime of the deal (constant through deal edits)
      OrigTrdId: If this deal is imported by siena and re-exported, this will contain the original trade id specified by the bank. From siena's point of view this is for maintaining an external reference id
              For eTrader deals thsi will contain the eTrader generated external reference.
      SettlDt: This is the settlement date
      Ccy: This is the dealt currency
      LastQty: This is the quantity of the dealt currency
      LastPx: This is the price at which the currency is being bought or sold
      LastSpotRate: This is the spot rate
-->

<TrdCaptRpt  xmlns:xsi='http://www.w3.org/2001/XMLSchema-instance'
   xmlns='http://www.fixprotocol.org/FIXML-5-0-SP1'
   xsi:schemaLocation='http://www.fixprotocol.org/FIXML-5-0-SP1 fixml-tradecapture-base-5-0-SP1.xsd'
   ExecTyp="0"
   LinkID="ABC1234"
   TrdDt="2008-10-01"
   TrdID="SUB-ABC1234" OrigTrdID="SUB-XYZ1234" TrdID2="SUB-SIENA-REF1234"
   SettlDt="2008-06-23"
   Ccy="GBP"
   LastQty="1000"
   LastPx="1.7254">
<!--
  Snt: The time this report was sent
-->
<Hdr Snt="2008-06-19T10:32:00"/>
<!--
  Sym: The currency pair involved in the exchange
  CFI=FFCPN0: Indicates that this is an outright.
  SubTyp: SUBSP means Sub spot
-->
<Instrmt ID="1" Sym="GBP/USD" CFI="RCSXXX" SubTyp="SUBSP"/>
<!--
  Sym: Currency pair of major 
  FxRate: The price
  Px: The absolute margin (derived if cross)
-->
<Undly Sym="GBP/USD" FxRate="1.7254" Ccy="GBP" Px="0.001" Mat="2008-06-23"/>
<!--
  Side=1: Means the bank is buying (customer is selling). 2 means selling
-->
<RptSide Side="1">
  <!-- The customer. This is mapped to a siena counterparty. -->
  <Pty ID="ABCLON"/>
  <!--
    The mandated user
  -->
  <Pty ID="traderA" R="11"/>
  <!-- Pay From / Pay to  settlement instruction -->
  <SettlDetails>
    <!-- the banks Debit instruction, customer credit instruction for USD -->
    <Pty ID="abc1"/>
  </SettlDetails>
  <!-- Take From / Take At settlement instruction -->
  <SettlDetails>
    <!-- Customer debit instruction, the banks credit instruction for GBP -->
    <Pty ID="abc2"/>
    </SettlDetails>
</RptSide>
</TrdCaptRpt>
