<?xml version="1.0" encoding="ISO-8859-1"?><dataroot><Fulfilment_Request><Primary_Data><Account_Number>456456790</Account_Number><Application_Ref>000032</Application_Ref><Autostore_Server/><Create_Date_Time>20160414073834</Create_Date_Time><Fulfilment_Process_Number>801100101</Fulfilment_Process_Number><Fulfilment_Process_Number>801100102</Fulfilment_Process_Number><Fulfilment_Source>FXO</Fulfilment_Source><Fulfilment_Task_Desc>FX Online Payment</Fulfilment_Task_Desc><Fulfilment_Task_Ref>000032</Fulfilment_Task_Ref><Iban/><Nsc>700000</Nsc><Region>NI</Region><Priority>1</Priority></Primary_Data><Process_Data><Image_Name>000032.htm</Image_Name><Intro_Mode>FXOL</Intro_Mode><Forward_Contract>NO</Forward_Contract><Region>NI</Region><Destination_Country>GB</Destination_Country><Payment_Category>URGENT</Payment_Category><Payment_Type>INTERNATIONAL</Payment_Type><Sending_Customer_Name>GBP Business Account</Sending_Customer_Name><Sending_Customer_Address>EuroBank (UK) Ltd. 39 Cornhill, London, EC3V 3ND, United Kingdom</Sending_Customer_Address><Payment_Currency>EUR</Payment_Currency><Payment_Amount>5000000.00</Payment_Amount><Value_Date>14/04/2016</Value_Date><Debit_Account_Currency>GBP</Debit_Account_Currency><Debit_Nsc>700000</Debit_Nsc><Debit_Account>456456790</Debit_Account><Debit_Iban/><Intermediary_Bank_Swift/><Intermediary_Bank_Name/><Intermediary_Bank_City/><Beneficiary_Bank_Nsc>600609</Beneficiary_Bank_Nsc><Beneficiary_Bank_Name>Royal Bank of Scotland</Beneficiary_Bank_Name><Beneficiary_Bank_Address>135 Bishopsgate
London
United Kingdom</Beneficiary_Bank_Address><Beneficiary_Bank_Fedwire/><Beneficiary_Bank_Swift>RBOSGB2L</Beneficiary_Bank_Swift><Beneficiary_Account_Number>13319268</Beneficiary_Account_Number><Beneficiary_Iban/><Beneficiary_Name>RBS Loan 1252864482</Beneficiary_Name><Beneficiary_Address>135 Bishopsgate
London
United Kingdom</Beneficiary_Address><Narrative>REF:LD04123000482</Narrative><Foreign_Bank_Charge>SEN</Foreign_Bank_Charge><Boi_Charge>SEN</Boi_Charge><Spot_Rate>0.82760000</Spot_Rate><Charge_Amount>37.50</Charge_Amount><Payment_Reference_Number>000032</Payment_Reference_Number><Boi_Forward_Contract_Number_1>0</Boi_Forward_Contract_Number_1><Forward_Contract_Amount_1>0.00</Forward_Contract_Amount_1><Forward_Contract_Rate_1>0.0000000</Forward_Contract_Rate_1><Boi_Forward_Contract_Number_2>0</Boi_Forward_Contract_Number_2><Forward_Contract_Amount_2>0.00</Forward_Contract_Amount_2><Forward_Contract_Rate_2>0.0000000</Forward_Contract_Rate_2><Boi_Forward_Contract_Number_3>0</Boi_Forward_Contract_Number_3><Forward_Contract_Amount_3>0.00</Forward_Contract_Amount_3><Forward_Contract_Rate_3>0.0000000</Forward_Contract_Rate_3><Boi_Forward_Contract_Number_4>0</Boi_Forward_Contract_Number_4><Forward_Contract_Amount_4>0.00</Forward_Contract_Amount_4><Forward_Contract_Rate_4>0.0000000</Forward_Contract_Rate_4><Boi_Forward_Contract_Number_5>0</Boi_Forward_Contract_Number_5><Forward_Contract_Amount_5>0.00</Forward_Contract_Amount_5><Forward_Contract_Rate_5>0.0000000</Forward_Contract_Rate_5><Boi_Customer>YES</Boi_Customer><Fx_Online_Customer_Number>VIRGINATLGBR</Fx_Online_Customer_Number><Fx_Online_Forward_Contract_No_1>0</Fx_Online_Forward_Contract_No_1><Fx_Online_Forward_Contract_No_2>0</Fx_Online_Forward_Contract_No_2><Fx_Online_Forward_Contract_No_3>0</Fx_Online_Forward_Contract_No_3><Fx_Online_Forward_Contract_No_4>0</Fx_Online_Forward_Contract_No_4><Fx_Online_Forward_Contract_No_5>0</Fx_Online_Forward_Contract_No_5><Checksum_Value/></Process_Data></Fulfilment_Request></dataroot>